<?xml version="1.0" encoding="UTF-8"?>
<project-private xmlns="http://www.netbeans.org/ns/project-private/1">
    <editor-bookmarks xmlns="http://www.netbeans.org/ns/editor-bookmarks/2" lastBookmarkId="0"/>
    <open-files xmlns="http://www.netbeans.org/ns/projectui-open-files/2">
        <group name="Penguin-Cluster"/>
        <group name="Group 20150104-01:29:56"/>
        <group name="Cluster"/>
        <group>
            <file>file:/Users/vinova/Documents/Java/xlsparser/src/xlsParser/template/XLSArrayTemplate.java</file>
            <file>file:/Users/vinova/Documents/Java/xlsparser/src/xlsParser/template/XLSWbTemplate.java</file>
            <file>file:/Users/vinova/Documents/Java/xlsparser/src/xlsParser/ggspreadsheet/GGSSReader.java</file>
            <file>file:/Users/vinova/Documents/Java/xlsparser/src/xlsParser/template/XLSDynamicMapTemplate.java</file>
            <file>file:/Users/vinova/Documents/Java/xlsparser/src/xlsParser/template/XLSHArrayTemplate.java</file>
            <file>file:/Users/vinova/Documents/Java/xlsparser/src/xlsParser/template/XLSFieldType.java</file>
            <file>file:/Users/vinova/Documents/Java/xlsparser/src/xlsParser/XLSParser.java</file>
        </group>
    </open-files>
</project-private>
